{
    "loss": 11.88715648651123,
    "accuracy": 0.5686274766921997
}