{
    "loss": 9.892484664916992,
    "accuracy": 0.4313725531101227
}