{
    "loss": 0.12038316577672958,
    "accuracy": 0.9803921580314636
}